symbole,ticker_name,baseline_volume,recent_volume,decline_ratio,last_active_date,days_since_active
SITS,SITS,472778,8360,0.017682717892964564,2026-06-15,2
BL,BEST LEASE,12325196,264258,0.021440470399010286,2026-06-17,0
ARTES,ARTES,4619874,626334,0.13557382733814818,2026-06-17,0
PLTU,PLTU,40255,6652,0.1652465532232021,2026-06-10,7
AL,AIR LIQUIDE TUNISIE,53226,9143,0.17177695111411717,2026-06-17,0
AETEC,AETECH,23766,12267,0.5161575359757637,2026-01-23,145
SOTEM,SOTEM,172,2742,15.94186046511628,2026-01-02,166
ADWYA,ADWYA,0,0,,2022-12-08,1287
AMS,AMS,0,0,,2023-07-05,1078
CREAL,CEREALIS,0,0,,2022-12-08,1287
GIF,GIF FILTER,0,0,,2024-10-22,603
LSTR,ELECTROSTAR,0,0,,2024-07-22,695
MIP,MIP,0,0,,2024-07-29,688
SERVI,SERVICOM,0,0,,2023-11-30,930
SOPAT,SOPAT,0,0,,2023-10-31,960
