symbole,ticker_name,date,cloture,volume,daily_return,volume_zscore,return_zscore,volume_anomaly,price_anomaly,combined_anomaly,status,matched_headline,matched_news_date,gap_days,category,source,priority,baseline_volume,recent_volume,decline_ratio,last_active_date,days_since_active,index_return,index_return_zscore,co_flagged_count,excess_return,tag,ai_assessment,ai_reasoning
BNASS,BNA ASSURANCES,2026-03-25,3.42,121630.0,0.0588235294117647,3.1888365547799307,3.60693922541328,True,True,True,UNEXPLAINED,,,,,spike_detector,1,,,,,,-0.0017452366365841,-0.6220941375788175,3.0,0.0605687660483488,MARKET_WIDE,likely_noise,"Both volume (3.19) and return (3.61) z‑scores are high, but the tag ""MARKET_WIDE"" and three other tickers flagged the same day suggest a broad market movement rather than an issue specific to BNASS."
CC,CARTHAGE CEMENT,2024-10-30,2.24,3343436.0,0.0566037735849056,4.068949982450493,4.560295696677168,True,True,True,UNEXPLAINED,,,,,spike_detector,1,,,,,,0.0005101014309261,0.1324535299031485,1.0,0.0560936721539794,COMPANY_SPECIFIC,worth_investigating,"Both volume (z=4.07) and return (z=4.56) are unusually high, indicating a significant market move; the flag appears only once for this ticker but coincides with another ticker flagged the same day, suggesting a potentially meaningful event rather than routine thin‑trading noise."
DH,DELICE HOLDING,2025-02-13,9.595,98838.0,0.049207217058502,3.026895316694071,4.676154209243503,True,True,True,UNEXPLAINED,,,,,spike_detector,1,,,,,,0.0048699809728252,1.3331069211377131,1.0,0.0443372360856767,COMPANY_SPECIFIC,worth_investigating,"Both volume (z≈3.0) and return (z≈4.7) are unusually high, and the excess return over the index is positive (≈4.4%). Although the ticker appears only once, the magnitude of the spikes suggests a potential market impact worth reviewing."
PGH,POULINA GROUP HOLDING,2025-03-14,10.0,439026.0,0.044932079414838,3.128357945682396,3.1584446904477863,True,True,True,UNEXPLAINED,,,,,spike_detector,1,,,,,,-0.0022393901612859,-0.8994495561140262,1.0,0.0471714695761239,COMPANY_SPECIFIC,worth_investigating,"Both volume (z≈3.13) and return (z≈3.16) are unusually high, indicating a significant spike, and the excess return vs index is positive (≈4.7%). Although this is the only watchlist occurrence, the magnitude of the outliers suggests it merits further review."
SAH,SAH,2023-07-11,8.75000017569445,649553.0,-0.0566037735849057,3.504392147427226,-5.580636421662497,True,True,True,UNEXPLAINED,,,,,spike_detector,1,,,,,,-0.001386428065202,-0.9449552360265268,0.0,-0.0552173455197036,COMPANY_SPECIFIC,worth_investigating,"The ticker shows a strong volume spike (z‑score ≈ 3.5) together with an extreme negative return (z‑score ≈ ‑5.6), indicating an unusual price move rather than mere liquidity noise."
SIAME,SIAME,2022-10-03,3.71,367291.0,0.06,3.179107458811164,6.145487727891854,True,True,True,UNEXPLAINED,,,,,spike_detector,1,,,,,,-0.0021339664741371,-1.1631481886751072,0.0,0.0621339664741371,COMPANY_SPECIFIC,worth_investigating,"The ticker shows a high volume z‑score (3.18) and an even higher return z‑score (6.15) with a 6.2% excess return versus the index, and no other tickers were co‑flagged that day, indicating a significant, isolated market move."
SITS,SITS,2022-07-05,2.3,322237.0,0.1219512195121952,3.3072684466900064,4.321047565478861,True,True,True,UNEXPLAINED,,,,,spike_detector,1,,,,,,-0.0027596558014645,-1.2107532719526073,5.0,0.1247108753136597,MARKET_WIDE,likely_noise,"Both volume (z=3.31) and return (z=4.32) are unusually high, but the tag 'MARKET_WIDE' and 5 other tickers flagged the same day indicate a broad market move rather than a ticker‑specific issue."
SPDIT,SPDIT - SICAF,2022-04-11,8.0,551009.0,-0.0804597701149424,4.033394421830648,-6.790813976907375,True,True,True,UNEXPLAINED,,,,,spike_detector,1,,,,,,0.0029974375615433,0.7831540920067019,1.0,-0.0834572076764857,COMPANY_SPECIFIC,worth_investigating,"The volume z‑score of 4.03 indicates unusually high trading volume while the return z‑score of -6.79 shows a sharp negative price move, suggesting an atypical event worth further review."
STIP,STIP,2021-11-19,1.7,176721.0,-0.15,3.438371407072238,-3.171920101703136,True,True,True,UNEXPLAINED,,,,,spike_detector,1,,,,,,0.0002702095403877,0.2935652669218535,0.0,-0.1502702095403877,COMPANY_SPECIFIC,worth_investigating,"The ticker shows a high volume spike (z‑score ≈ 3.44) together with a strong negative return spike (z‑score ≈ ‑3.17) on an isolated day (no other tickers co‑flagged), suggesting an atypical market move worth further review."
TLNET,TELNET HOLDING,2026-03-30,7.83,230819.0,0.0595399188092016,3.021032028837374,3.638031652337262,True,True,True,UNEXPLAINED,,,,,spike_detector,1,,,,,,-0.0018200019970096,-0.5785497087955553,3.0,0.0613599208062112,MARKET_WIDE,likely_noise,"Both volume (z=3.02) and return (z=3.64) are unusually high, but the anomaly coincides with three other tickers flagged the same day and is marked as a market‑wide event, suggesting broader market movement rather than a ticker‑specific issue."
WIFAK,WIFAK,2024-07-02,8.55,136739.0,-0.0446927374301674,3.6408093276472258,-3.672866308681717,True,True,True,UNEXPLAINED,,,,,spike_detector,1,,,,,,-0.0012438390611034,-0.6745557576149007,4.0,-0.0434488983690639,MARKET_WIDE,worth_investigating,"Both volume (z=3.64) and return (z=-3.67) are extreme and the anomaly coincides with a market‑wide spike affecting several other tickers (4 co‑flags), suggesting a non‑random event."
SITS,SITS,,,,,,,,,,UNEXPLAINED,,,,,decay_detector,2,472778.0,8360.0,0.0176827178929645,2026-06-15,2.0,,,,,N/A (no single date),likely_noise,"The only quantitative metric provided is a decline_ratio of ~0.018, which is low and there are no significant volume or return z‑scores (all NaN). With no other strong signals, this appears to be noise."
BL,BEST LEASE,,,,,,,,,,UNEXPLAINED,,,,,decay_detector,2,12325196.0,264258.0,0.0214404703990102,2026-06-17,0.0,,,,,N/A (no single date),likely_noise,"The only quantitative metric provided is a decline ratio of about 2.1%, with all other indicators missing or NaN, suggesting insufficient evidence of abnormal activity."
PLTU,PLTU,,,,,,,,,,UNEXPLAINED,,,,,decay_detector,2,40255.0,6652.0,0.1652465532232021,2026-06-10,7.0,,,,,N/A (no single date),likely_noise,"Only a moderate decline ratio (0.165) is present and all other quantitative metrics are missing or NaN, with the ticker appearing just once, suggesting insufficient evidence of abnormal activity."
AL,AIR LIQUIDE TUNISIE,,,,,,,,,,UNEXPLAINED,,,,,decay_detector,2,53226.0,9143.0,0.1717769511141171,2026-06-17,0.0,,,,,N/A (no single date),likely_noise,"The only quantitative signal is a decline ratio of 0.172, while all other metrics are unavailable (NaN) and the ticker appears only once in the watchlist, suggesting insufficient evidence of abnormal activity."
AETEC,AETECH,,,,,,,,,,UNEXPLAINED,,,,,decay_detector,2,23766.0,12267.0,0.5161575359757637,2026-01-23,145.0,,,,,N/A (no single date),uncertain,"The decline_ratio is 0.52, which could indicate abnormal price movement, but most other quantitative indicators are missing (NaN), so the signal is not strong enough to deem it clearly suspicious."
SOTEM,SOTEM,,,,,,,,,,UNEXPLAINED,,,,,decay_detector,2,172.0,2742.0,15.94186046511628,2026-01-02,166.0,,,,,N/A (no single date),likely_noise,"The only quantitative signal is a very high decline_ratio (≈15.9), but all other metrics are missing (NaN) and the ticker appears only once, suggesting possible thin‑trading noise rather than a robust anomaly."
